{
  "id": "intro",
  "title": "intro",
  "description": "---",
  "source": "@site/docs/intro.mdx",
  "sourceDirName": ".",
  "slug": "/intro",
  "permalink": "/docs/intro",
  "draft": false,
  "unlisted": false,
  "editUrl": "https://github.com/facebook/docusaurus/tree/main/packages/create-docusaurus/templates/shared/docs/intro.mdx",
  "tags": [],
  "version": "current",
  "frontMatter": {},
  "sidebar": "tutorialSidebar",
  "previous": {
    "title": "Guia de Instalacion",
    "permalink": "/docs/install-guide"
  }
}