{
  "id": "install-guide",
  "title": "Guia de Instalacion",
  "description": "This guide will walk you through the installation process for the project.",
  "source": "@site/docs/iniciar-repositorio.md",
  "sourceDirName": ".",
  "slug": "/install-guide",
  "permalink": "/docs/install-guide",
  "draft": false,
  "unlisted": false,
  "editUrl": "https://github.com/facebook/docusaurus/tree/main/packages/create-docusaurus/templates/shared/docs/iniciar-repositorio.md",
  "tags": [],
  "version": "current",
  "frontMatter": {
    "id": "install-guide",
    "title": "Guia de Instalacion"
  },
  "sidebar": "tutorialSidebar",
  "previous": {
    "title": "Translate your site",
    "permalink": "/docs/tutorial-extras/translate-your-site"
  },
  "next": {
    "title": "intro",
    "permalink": "/docs/intro"
  }
}